TICKER,TYPE,QTY,PRICE,SIDE,DATE,CURRENCY
AAPL,EQUITY,100,150.00,BUY,2024-01-10,USD
AAPL,EQUITY,50,155.00,SELL,2024-01-15,USD
AAPL,EQUITY,100,150.00,SELL,2024-01-20,USD
MSFT,EQUITY,200,300.00,BUY,2024-02-01,USD
MSFT,EQUITY,200,310.00,BUY,2024-02-05,USD
SAP,EQUITY,80,120.00,BUY,2024-02-10,EUR
TLT,ETF,500,95.00,BUY,2024-03-01,USD
TLT,ETF,500,96.00,BUY,2024-03-02,USD
US10Y,BOND,1000,98.50,BUY,2024-03-05,USD
ES,FUTURE,10,4500.00,BUY,2024-03-10,USD
PENNY,EQUITY,2000000,0.01,BUY,2024-03-16,USD
BRK,EQUITY,5,500000.00,BUY,2024-03-17,USD
GOOG,EQUITY,10,140.00,SELL,2024-03-20,USD
BAD,EQUITY,abc,10,BUY,2024-03-21,USD
NEG,EQUITY,-10,50.00,BUY,2024-03-22,USD
FEB,EQUITY,10,20.00,BUY,2024-02-30,USD
END,EQUITY,10,20.00,BUY,2024-12-31,USD
